string,every,some,at_least_three,at_least_four,at_most_three,at_least_six_or_at_most_two,first_three,even
0,False,False,False,False,True,True,False,True
0,False,False,False,False,True,True,False,True
0,False,False,False,False,True,True,False,True
0,False,False,False,False,True,True,False,True
0,False,False,False,False,True,True,False,True
0,False,False,False,False,True,True,False,True
0,False,False,False,False,True,True,False,True
0,False,False,False,False,True,True,False,True
0,False,False,False,False,True,True,False,True
1,True,True,False,False,True,True,False,False
1,True,True,False,False,True,True,False,False
10,False,True,False,False,True,True,False,False
11,True,True,False,False,True,True,False,True
1,True,True,False,False,True,True,False,False
10,False,True,False,False,True,True,False,False
100,False,True,False,False,True,True,False,False
101,False,True,False,False,True,True,False,True
11,True,True,False,False,True,True,False,True
110,False,True,False,False,True,True,False,True
111,True,True,True,False,True,False,True,False
1,True,True,False,False,True,True,False,False
10,False,True,False,False,True,True,False,False
100,False,True,False,False,True,True,False,False
1000,False,True,False,False,True,True,False,False
1001,False,True,False,False,True,True,False,True
101,False,True,False,False,True,True,False,True
1010,False,True,False,False,True,True,False,True
1011,False,True,True,False,True,False,False,False
11,True,True,False,False,True,True,False,True
110,False,True,False,False,True,True,False,True
1100,False,True,False,False,True,True,False,True
1101,False,True,True,False,True,False,False,False
111,True,True,True,False,True,False,True,False
1110,False,True,True,False,True,False,True,False
1111,True,True,True,True,False,False,True,True
1,True,True,False,False,True,True,False,False
10,False,True,False,False,True,True,False,False
100,False,True,False,False,True,True,False,False
1000,False,True,False,False,True,True,False,False
10000,False,True,False,False,True,True,False,False
10001,False,True,False,False,True,True,False,True
1001,False,True,False,False,True,True,False,True
10010,False,True,False,False,True,True,False,True
10011,False,True,True,False,True,False,False,False
101,False,True,False,False,True,True,False,True
1010,False,True,False,False,True,True,False,True
10100,False,True,False,False,True,True,False,True
10101,False,True,True,False,True,False,False,False
1011,False,True,True,False,True,False,False,False
10110,False,True,True,False,True,False,False,False
10111,False,True,True,True,False,False,False,True
11,True,True,False,False,True,True,False,True
110,False,True,False,False,True,True,False,True
1100,False,True,False,False,True,True,False,True
11000,False,True,False,False,True,True,False,True
11001,False,True,True,False,True,False,False,False
1101,False,True,True,False,True,False,False,False
11010,False,True,True,False,True,False,False,False
11011,False,True,True,True,False,False,False,True
111,True,True,True,False,True,False,True,False
1110,False,True,True,False,True,False,True,False
11100,False,True,True,False,True,False,True,False
11101,False,True,True,True,False,False,True,True
1111,True,True,True,True,False,False,True,True
11110,False,True,True,True,False,False,True,True
11111,True,True,True,True,False,False,True,False
1,True,True,False,False,True,True,False,False
10,False,True,False,False,True,True,False,False
100,False,True,False,False,True,True,False,False
1000,False,True,False,False,True,True,False,False
10000,False,True,False,False,True,True,False,False
100000,False,True,False,False,True,True,False,False
100001,False,True,False,False,True,True,False,True
10001,False,True,False,False,True,True,False,True
100010,False,True,False,False,True,True,False,True
100011,False,True,True,False,True,False,False,False
1001,False,True,False,False,True,True,False,True
10010,False,True,False,False,True,True,False,True
100100,False,True,False,False,True,True,False,True
100101,False,True,True,False,True,False,False,False
10011,False,True,True,False,True,False,False,False
100110,False,True,True,False,True,False,False,False
100111,False,True,True,True,False,False,False,True
101,False,True,False,False,True,True,False,True
1010,False,True,False,False,True,True,False,True
10100,False,True,False,False,True,True,False,True
101000,False,True,False,False,True,True,False,True
101001,False,True,True,False,True,False,False,False
10101,False,True,True,False,True,False,False,False
101010,False,True,True,False,True,False,False,False
101011,False,True,True,True,False,False,False,True
1011,False,True,True,False,True,False,False,False
10110,False,True,True,False,True,False,False,False
101100,False,True,True,False,True,False,False,False
101101,False,True,True,True,False,False,False,True
10111,False,True,True,True,False,False,False,True
101110,False,True,True,True,False,False,False,True
101111,False,True,True,True,False,False,False,False
11,True,True,False,False,True,True,False,True
110,False,True,False,False,True,True,False,True
1100,False,True,False,False,True,True,False,True
11000,False,True,False,False,True,True,False,True
110000,False,True,False,False,True,True,False,True
110001,False,True,True,False,True,False,False,False
11001,False,True,True,False,True,False,False,False
110010,False,True,True,False,True,False,False,False
110011,False,True,True,True,False,False,False,True
1101,False,True,True,False,True,False,False,False
11010,False,True,True,False,True,False,False,False
110100,False,True,True,False,True,False,False,False
110101,False,True,True,True,False,False,False,True
11011,False,True,True,True,False,False,False,True
110110,False,True,True,True,False,False,False,True
110111,False,True,True,True,False,False,False,False
111,True,True,True,False,True,False,True,False
1110,False,True,True,False,True,False,True,False
11100,False,True,True,False,True,False,True,False
111000,False,True,True,False,True,False,True,False
111001,False,True,True,True,False,False,True,True
11101,False,True,True,True,False,False,True,True
111010,False,True,True,True,False,False,True,True
111011,False,True,True,True,False,False,True,False
1111,True,True,True,True,False,False,True,True
11110,False,True,True,True,False,False,True,True
111100,False,True,True,True,False,False,True,True
111101,False,True,True,True,False,False,True,False
11111,True,True,True,True,False,False,True,False
111110,False,True,True,True,False,False,True,False
111111,True,True,True,True,False,True,True,True
1,True,True,False,False,True,True,False,False
10,False,True,False,False,True,True,False,False
100,False,True,False,False,True,True,False,False
1000,False,True,False,False,True,True,False,False
10000,False,True,False,False,True,True,False,False
100000,False,True,False,False,True,True,False,False
1000000,False,True,False,False,True,True,False,False
1000001,False,True,False,False,True,True,False,True
100001,False,True,False,False,True,True,False,True
1000010,False,True,False,False,True,True,False,True
1000011,False,True,True,False,True,False,False,False
10001,False,True,False,False,True,True,False,True
100010,False,True,False,False,True,True,False,True
1000100,False,True,False,False,True,True,False,True
1000101,False,True,True,False,True,False,False,False
100011,False,True,True,False,True,False,False,False
1000110,False,True,True,False,True,False,False,False
1000111,False,True,True,True,False,False,False,True
1001,False,True,False,False,True,True,False,True
10010,False,True,False,False,True,True,False,True
100100,False,True,False,False,True,True,False,True
1001000,False,True,False,False,True,True,False,True
1001001,False,True,True,False,True,False,False,False
100101,False,True,True,False,True,False,False,False
1001010,False,True,True,False,True,False,False,False
1001011,False,True,True,True,False,False,False,True
10011,False,True,True,False,True,False,False,False
100110,False,True,True,False,True,False,False,False
1001100,False,True,True,False,True,False,False,False
1001101,False,True,True,True,False,False,False,True
100111,False,True,True,True,False,False,False,True
1001110,False,True,True,True,False,False,False,True
1001111,False,True,True,True,False,False,False,False
101,False,True,False,False,True,True,False,True
1010,False,True,False,False,True,True,False,True
10100,False,True,False,False,True,True,False,True
101000,False,True,False,False,True,True,False,True
1010000,False,True,False,False,True,True,False,True
1010001,False,True,True,False,True,False,False,False
101001,False,True,True,False,True,False,False,False
1010010,False,True,True,False,True,False,False,False
1010011,False,True,True,True,False,False,False,True
10101,False,True,True,False,True,False,False,False
101010,False,True,True,False,True,False,False,False
1010100,False,True,True,False,True,False,False,False
1010101,False,True,True,True,False,False,False,True
101011,False,True,True,True,False,False,False,True
1010110,False,True,True,True,False,False,False,True
1010111,False,True,True,True,False,False,False,False
1011,False,True,True,False,True,False,False,False
10110,False,True,True,False,True,False,False,False
101100,False,True,True,False,True,False,False,False
1011000,False,True,True,False,True,False,False,False
1011001,False,True,True,True,False,False,False,True
101101,False,True,True,True,False,False,False,True
1011010,False,True,True,True,False,False,False,True
1011011,False,True,True,True,False,False,False,False
10111,False,True,True,True,False,False,False,True
101110,False,True,True,True,False,False,False,True
1011100,False,True,True,True,False,False,False,True
1011101,False,True,True,True,False,False,False,False
101111,False,True,True,True,False,False,False,False
1011110,False,True,True,True,False,False,False,False
1011111,False,True,True,True,False,True,False,True
11,True,True,False,False,True,True,False,True
110,False,True,False,False,True,True,False,True
1100,False,True,False,False,True,True,False,True
11000,False,True,False,False,True,True,False,True
110000,False,True,False,False,True,True,False,True
1100000,False,True,False,False,True,True,False,True
1100001,False,True,True,False,True,False,False,False
110001,False,True,True,False,True,False,False,False
1100010,False,True,True,False,True,False,False,False
1100011,False,True,True,True,False,False,False,True
11001,False,True,True,False,True,False,False,False
110010,False,True,True,False,True,False,False,False
1100100,False,True,True,False,True,False,False,False
1100101,False,True,True,True,False,False,False,True
110011,False,True,True,True,False,False,False,True
1100110,False,True,True,True,False,False,False,True
1100111,False,True,True,True,False,False,False,False
1101,False,True,True,False,True,False,False,False
11010,False,True,True,False,True,False,False,False
110100,False,True,True,False,True,False,False,False
1101000,False,True,True,False,True,False,False,False
1101001,False,True,True,True,False,False,False,True
110101,False,True,True,True,False,False,False,True
1101010,False,True,True,True,False,False,False,True
1101011,False,True,True,True,False,False,False,False
11011,False,True,True,True,False,False,False,True
110110,False,True,True,True,False,False,False,True
1101100,False,True,True,True,False,False,False,True
1101101,False,True,True,True,False,False,False,False
110111,False,True,True,True,False,False,False,False
1101110,False,True,True,True,False,False,False,False
1101111,False,True,True,True,False,True,False,True
111,True,True,True,False,True,False,True,False
1110,False,True,True,False,True,False,True,False
11100,False,True,True,False,True,False,True,False
111000,False,True,True,False,True,False,True,False
1110000,False,True,True,False,True,False,True,False
1110001,False,True,True,True,False,False,True,True
111001,False,True,True,True,False,False,True,True
1110010,False,True,True,True,False,False,True,True
1110011,False,True,True,True,False,False,True,False
11101,False,True,True,True,False,False,True,True
111010,False,True,True,True,False,False,True,True
1110100,False,True,True,True,False,False,True,True
1110101,False,True,True,True,False,False,True,False
111011,False,True,True,True,False,False,True,False
1110110,False,True,True,True,False,False,True,False
1110111,False,True,True,True,False,True,True,True
1111,True,True,True,True,False,False,True,True
11110,False,True,True,True,False,False,True,True
111100,False,True,True,True,False,False,True,True
1111000,False,True,True,True,False,False,True,True
1111001,False,True,True,True,False,False,True,False
111101,False,True,True,True,False,False,True,False
1111010,False,True,True,True,False,False,True,False
1111011,False,True,True,True,False,True,True,True
11111,True,True,True,True,False,False,True,False
111110,False,True,True,True,False,False,True,False
1111100,False,True,True,True,False,False,True,False
1111101,False,True,True,True,False,True,True,True
111111,True,True,True,True,False,True,True,True
1111110,False,True,True,True,False,True,True,True
1111111,True,True,True,True,False,True,True,False
1,True,True,False,False,True,True,False,False
10,False,True,False,False,True,True,False,False
100,False,True,False,False,True,True,False,False
1000,False,True,False,False,True,True,False,False
10000,False,True,False,False,True,True,False,False
100000,False,True,False,False,True,True,False,False
1000000,False,True,False,False,True,True,False,False
10000000,False,True,False,False,True,True,False,False
10000001,False,True,False,False,True,True,False,True
1000001,False,True,False,False,True,True,False,True
10000010,False,True,False,False,True,True,False,True
10000011,False,True,True,False,True,False,False,False
100001,False,True,False,False,True,True,False,True
1000010,False,True,False,False,True,True,False,True
10000100,False,True,False,False,True,True,False,True
10000101,False,True,True,False,True,False,False,False
1000011,False,True,True,False,True,False,False,False
10000110,False,True,True,False,True,False,False,False
10000111,False,True,True,True,False,False,False,True
10001,False,True,False,False,True,True,False,True
100010,False,True,False,False,True,True,False,True
1000100,False,True,False,False,True,True,False,True
10001000,False,True,False,False,True,True,False,True
10001001,False,True,True,False,True,False,False,False
1000101,False,True,True,False,True,False,False,False
10001010,False,True,True,False,True,False,False,False
10001011,False,True,True,True,False,False,False,True
100011,False,True,True,False,True,False,False,False
1000110,False,True,True,False,True,False,False,False
10001100,False,True,True,False,True,False,False,False
10001101,False,True,True,True,False,False,False,True
1000111,False,True,True,True,False,False,False,True
10001110,False,True,True,True,False,False,False,True
10001111,False,True,True,True,False,False,False,False
1001,False,True,False,False,True,True,False,True
10010,False,True,False,False,True,True,False,True
100100,False,True,False,False,True,True,False,True
1001000,False,True,False,False,True,True,False,True
10010000,False,True,False,False,True,True,False,True
10010001,False,True,True,False,True,False,False,False
1001001,False,True,True,False,True,False,False,False
10010010,False,True,True,False,True,False,False,False
10010011,False,True,True,True,False,False,False,True
100101,False,True,True,False,True,False,False,False
1001010,False,True,True,False,True,False,False,False
10010100,False,True,True,False,True,False,False,False
10010101,False,True,True,True,False,False,False,True
1001011,False,True,True,True,False,False,False,True
10010110,False,True,True,True,False,False,False,True
10010111,False,True,True,True,False,False,False,False
10011,False,True,True,False,True,False,False,False
100110,False,True,True,False,True,False,False,False
1001100,False,True,True,False,True,False,False,False
10011000,False,True,True,False,True,False,False,False
10011001,False,True,True,True,False,False,False,True
1001101,False,True,True,True,False,False,False,True
10011010,False,True,True,True,False,False,False,True
10011011,False,True,True,True,False,False,False,False
100111,False,True,True,True,False,False,False,True
1001110,False,True,True,True,False,False,False,True
10011100,False,True,True,True,False,False,False,True
10011101,False,True,True,True,False,False,False,False
1001111,False,True,True,True,False,False,False,False
10011110,False,True,True,True,False,False,False,False
10011111,False,True,True,True,False,True,False,True
101,False,True,False,False,True,True,False,True
1010,False,True,False,False,True,True,False,True
10100,False,True,False,False,True,True,False,True
101000,False,True,False,False,True,True,False,True
1010000,False,True,False,False,True,True,False,True
10100000,False,True,False,False,True,True,False,True
10100001,False,True,True,False,True,False,False,False
1010001,False,True,True,False,True,False,False,False
10100010,False,True,True,False,True,False,False,False
10100011,False,True,True,True,False,False,False,True
101001,False,True,True,False,True,False,False,False
1010010,False,True,True,False,True,False,False,False
10100100,False,True,True,False,True,False,False,False
10100101,False,True,True,True,False,False,False,True
1010011,False,True,True,True,False,False,False,True
10100110,False,True,True,True,False,False,False,True
10100111,False,True,True,True,False,False,False,False
10101,False,True,True,False,True,False,False,False
101010,False,True,True,False,True,False,False,False
1010100,False,True,True,False,True,False,False,False
10101000,False,True,True,False,True,False,False,False
10101001,False,True,True,True,False,False,False,True
1010101,False,True,True,True,False,False,False,True
10101010,False,True,True,True,False,False,False,True
10101011,False,True,True,True,False,False,False,False
101011,False,True,True,True,False,False,False,True
1010110,False,True,True,True,False,False,False,True
10101100,False,True,True,True,False,False,False,True
10101101,False,True,True,True,False,False,False,False
1010111,False,True,True,True,False,False,False,False
10101110,False,True,True,True,False,False,False,False
10101111,False,True,True,True,False,True,False,True
1011,False,True,True,False,True,False,False,False
10110,False,True,True,False,True,False,False,False
101100,False,True,True,False,True,False,False,False
1011000,False,True,True,False,True,False,False,False
10110000,False,True,True,False,True,False,False,False
10110001,False,True,True,True,False,False,False,True
1011001,False,True,True,True,False,False,False,True
10110010,False,True,True,True,False,False,False,True
10110011,False,True,True,True,False,False,False,False
101101,False,True,True,True,False,False,False,True
1011010,False,True,True,True,False,False,False,True
10110100,False,True,True,True,False,False,False,True
10110101,False,True,True,True,False,False,False,False
1011011,False,True,True,True,False,False,False,False
10110110,False,True,True,True,False,False,False,False
10110111,False,True,True,True,False,True,False,True
10111,False,True,True,True,False,False,False,True
101110,False,True,True,True,False,False,False,True
1011100,False,True,True,True,False,False,False,True
10111000,False,True,True,True,False,False,False,True
10111001,False,True,True,True,False,False,False,False
1011101,False,True,True,True,False,False,False,False
10111010,False,True,True,True,False,False,False,False
10111011,False,True,True,True,False,True,False,True
101111,False,True,True,True,False,False,False,False
1011110,False,True,True,True,False,False,False,False
10111100,False,True,True,True,False,False,False,False
10111101,False,True,True,True,False,True,False,True
1011111,False,True,True,True,False,True,False,True
10111110,False,True,True,True,False,True,False,True
10111111,False,True,True,True,False,True,False,False
11,True,True,False,False,True,True,False,True
110,False,True,False,False,True,True,False,True
1100,False,True,False,False,True,True,False,True
11000,False,True,False,False,True,True,False,True
110000,False,True,False,False,True,True,False,True
1100000,False,True,False,False,True,True,False,True
11000000,False,True,False,False,True,True,False,True
11000001,False,True,True,False,True,False,False,False
1100001,False,True,True,False,True,False,False,False
11000010,False,True,True,False,True,False,False,False
11000011,False,True,True,True,False,False,False,True
110001,False,True,True,False,True,False,False,False
1100010,False,True,True,False,True,False,False,False
11000100,False,True,True,False,True,False,False,False
11000101,False,True,True,True,False,False,False,True
1100011,False,True,True,True,False,False,False,True
11000110,False,True,True,True,False,False,False,True
11000111,False,True,True,True,False,False,False,False
11001,False,True,True,False,True,False,False,False
110010,False,True,True,False,True,False,False,False
1100100,False,True,True,False,True,False,False,False
11001000,False,True,True,False,True,False,False,False
11001001,False,True,True,True,False,False,False,True
1100101,False,True,True,True,False,False,False,True
11001010,False,True,True,True,False,False,False,True
11001011,False,True,True,True,False,False,False,False
110011,False,True,True,True,False,False,False,True
1100110,False,True,True,True,False,False,False,True
11001100,False,True,True,True,False,False,False,True
11001101,False,True,True,True,False,False,False,False
1100111,False,True,True,True,False,False,False,False
11001110,False,True,True,True,False,False,False,False
11001111,False,True,True,True,False,True,False,True
1101,False,True,True,False,True,False,False,False
11010,False,True,True,False,True,False,False,False
110100,False,True,True,False,True,False,False,False
1101000,False,True,True,False,True,False,False,False
11010000,False,True,True,False,True,False,False,False
11010001,False,True,True,True,False,False,False,True
1101001,False,True,True,True,False,False,False,True
11010010,False,True,True,True,False,False,False,True
11010011,False,True,True,True,False,False,False,False
110101,False,True,True,True,False,False,False,True
1101010,False,True,True,True,False,False,False,True
11010100,False,True,True,True,False,False,False,True
11010101,False,True,True,True,False,False,False,False
1101011,False,True,True,True,False,False,False,False
11010110,False,True,True,True,False,False,False,False
11010111,False,True,True,True,False,True,False,True
11011,False,True,True,True,False,False,False,True
110110,False,True,True,True,False,False,False,True
1101100,False,True,True,True,False,False,False,True
11011000,False,True,True,True,False,False,False,True
11011001,False,True,True,True,False,False,False,False
1101101,False,True,True,True,False,False,False,False
11011010,False,True,True,True,False,False,False,False
11011011,False,True,True,True,False,True,False,True
110111,False,True,True,True,False,False,False,False
1101110,False,True,True,True,False,False,False,False
11011100,False,True,True,True,False,False,False,False
11011101,False,True,True,True,False,True,False,True
1101111,False,True,True,True,False,True,False,True
11011110,False,True,True,True,False,True,False,True
11011111,False,True,True,True,False,True,False,False
111,True,True,True,False,True,False,True,False
1110,False,True,True,False,True,False,True,False
11100,False,True,True,False,True,False,True,False
111000,False,True,True,False,True,False,True,False
1110000,False,True,True,False,True,False,True,False
11100000,False,True,True,False,True,False,True,False
11100001,False,True,True,True,False,False,True,True
1110001,False,True,True,True,False,False,True,True
11100010,False,True,True,True,False,False,True,True
11100011,False,True,True,True,False,False,True,False
111001,False,True,True,True,False,False,True,True
1110010,False,True,True,True,False,False,True,True
11100100,False,True,True,True,False,False,True,True
11100101,False,True,True,True,False,False,True,False
1110011,False,True,True,True,False,False,True,False
11100110,False,True,True,True,False,False,True,False
11100111,False,True,True,True,False,True,True,True
11101,False,True,True,True,False,False,True,True
111010,False,True,True,True,False,False,True,True
1110100,False,True,True,True,False,False,True,True
11101000,False,True,True,True,False,False,True,True
11101001,False,True,True,True,False,False,True,False
1110101,False,True,True,True,False,False,True,False
11101010,False,True,True,True,False,False,True,False
11101011,False,True,True,True,False,True,True,True
111011,False,True,True,True,False,False,True,False
1110110,False,True,True,True,False,False,True,False
11101100,False,True,True,True,False,False,True,False
11101101,False,True,True,True,False,True,True,True
1110111,False,True,True,True,False,True,True,True
11101110,False,True,True,True,False,True,True,True
11101111,False,True,True,True,False,True,True,False
1111,True,True,True,True,False,False,True,True
11110,False,True,True,True,False,False,True,True
111100,False,True,True,True,False,False,True,True
1111000,False,True,True,True,False,False,True,True
11110000,False,True,True,True,False,False,True,True
11110001,False,True,True,True,False,False,True,False
1111001,False,True,True,True,False,False,True,False
11110010,False,True,True,True,False,False,True,False
11110011,False,True,True,True,False,True,True,True
111101,False,True,True,True,False,False,True,False
1111010,False,True,True,True,False,False,True,False
11110100,False,True,True,True,False,False,True,False
11110101,False,True,True,True,False,True,True,True
1111011,False,True,True,True,False,True,True,True
11110110,False,True,True,True,False,True,True,True
11110111,False,True,True,True,False,True,True,False
11111,True,True,True,True,False,False,True,False
111110,False,True,True,True,False,False,True,False
1111100,False,True,True,True,False,False,True,False
11111000,False,True,True,True,False,False,True,False
11111001,False,True,True,True,False,True,True,True
1111101,False,True,True,True,False,True,True,True
11111010,False,True,True,True,False,True,True,True
11111011,False,True,True,True,False,True,True,False
111111,True,True,True,True,False,True,True,True
1111110,False,True,True,True,False,True,True,True
11111100,False,True,True,True,False,True,True,True
11111101,False,True,True,True,False,True,True,False
1111111,True,True,True,True,False,True,True,False
11111110,False,True,True,True,False,True,True,False
11111111,True,True,True,True,False,True,True,True
1,True,True,False,False,True,True,False,False
10,False,True,False,False,True,True,False,False
100,False,True,False,False,True,True,False,False
1000,False,True,False,False,True,True,False,False
10000,False,True,False,False,True,True,False,False
100000,False,True,False,False,True,True,False,False
1000000,False,True,False,False,True,True,False,False
10000000,False,True,False,False,True,True,False,False
100000000,False,True,False,False,True,True,False,False
100000001,False,True,False,False,True,True,False,True
10000001,False,True,False,False,True,True,False,True
100000010,False,True,False,False,True,True,False,True
100000011,False,True,True,False,True,False,False,False
1000001,False,True,False,False,True,True,False,True
10000010,False,True,False,False,True,True,False,True
100000100,False,True,False,False,True,True,False,True
100000101,False,True,True,False,True,False,False,False
10000011,False,True,True,False,True,False,False,False
100000110,False,True,True,False,True,False,False,False
100000111,False,True,True,True,False,False,False,True
100001,False,True,False,False,True,True,False,True
1000010,False,True,False,False,True,True,False,True
10000100,False,True,False,False,True,True,False,True
100001000,False,True,False,False,True,True,False,True
100001001,False,True,True,False,True,False,False,False
10000101,False,True,True,False,True,False,False,False
100001010,False,True,True,False,True,False,False,False
100001011,False,True,True,True,False,False,False,True
1000011,False,True,True,False,True,False,False,False
10000110,False,True,True,False,True,False,False,False
100001100,False,True,True,False,True,False,False,False
100001101,False,True,True,True,False,False,False,True
10000111,False,True,True,True,False,False,False,True
100001110,False,True,True,True,False,False,False,True
100001111,False,True,True,True,False,False,False,False
10001,False,True,False,False,True,True,False,True
100010,False,True,False,False,True,True,False,True
1000100,False,True,False,False,True,True,False,True
10001000,False,True,False,False,True,True,False,True
100010000,False,True,False,False,True,True,False,True
100010001,False,True,True,False,True,False,False,False
10001001,False,True,True,False,True,False,False,False
100010010,False,True,True,False,True,False,False,False
100010011,False,True,True,True,False,False,False,True
1000101,False,True,True,False,True,False,False,False
10001010,False,True,True,False,True,False,False,False
100010100,False,True,True,False,True,False,False,False
100010101,False,True,True,True,False,False,False,True
10001011,False,True,True,True,False,False,False,True
100010110,False,True,True,True,False,False,False,True
100010111,False,True,True,True,False,False,False,False
100011,False,True,True,False,True,False,False,False
1000110,False,True,True,False,True,False,False,False
10001100,False,True,True,False,True,False,False,False
100011000,False,True,True,False,True,False,False,False
100011001,False,True,True,True,False,False,False,True
10001101,False,True,True,True,False,False,False,True
100011010,False,True,True,True,False,False,False,True
100011011,False,True,True,True,False,False,False,False
1000111,False,True,True,True,False,False,False,True
10001110,False,True,True,True,False,False,False,True
100011100,False,True,True,True,False,False,False,True
100011101,False,True,True,True,False,False,False,False
10001111,False,True,True,True,False,False,False,False
100011110,False,True,True,True,False,False,False,False
100011111,False,True,True,True,False,True,False,True
1001,False,True,False,False,True,True,False,True
10010,False,True,False,False,True,True,False,True
100100,False,True,False,False,True,True,False,True
1001000,False,True,False,False,True,True,False,True
10010000,False,True,False,False,True,True,False,True
100100000,False,True,False,False,True,True,False,True
100100001,False,True,True,False,True,False,False,False
10010001,False,True,True,False,True,False,False,False
100100010,False,True,True,False,True,False,False,False
100100011,False,True,True,True,False,False,False,True
1001001,False,True,True,False,True,False,False,False
10010010,False,True,True,False,True,False,False,False
100100100,False,True,True,False,True,False,False,False
100100101,False,True,True,True,False,False,False,True
10010011,False,True,True,True,False,False,False,True
100100110,False,True,True,True,False,False,False,True
100100111,False,True,True,True,False,False,False,False
100101,False,True,True,False,True,False,False,False
1001010,False,True,True,False,True,False,False,False
10010100,False,True,True,False,True,False,False,False
100101000,False,True,True,False,True,False,False,False
100101001,False,True,True,True,False,False,False,True
10010101,False,True,True,True,False,False,False,True
100101010,False,True,True,True,False,False,False,True
100101011,False,True,True,True,False,False,False,False
1001011,False,True,True,True,False,False,False,True
10010110,False,True,True,True,False,False,False,True
100101100,False,True,True,True,False,False,False,True
100101101,False,True,True,True,False,False,False,False
10010111,False,True,True,True,False,False,False,False
100101110,False,True,True,True,False,False,False,False
100101111,False,True,True,True,False,True,False,True
10011,False,True,True,False,True,False,False,False
100110,False,True,True,False,True,False,False,False
1001100,False,True,True,False,True,False,False,False
10011000,False,True,True,False,True,False,False,False
100110000,False,True,True,False,True,False,False,False
100110001,False,True,True,True,False,False,False,True
10011001,False,True,True,True,False,False,False,True
100110010,False,True,True,True,False,False,False,True
100110011,False,True,True,True,False,False,False,False
1001101,False,True,True,True,False,False,False,True
10011010,False,True,True,True,False,False,False,True
100110100,False,True,True,True,False,False,False,True
100110101,False,True,True,True,False,False,False,False
10011011,False,True,True,True,False,False,False,False
100110110,False,True,True,True,False,False,False,False
100110111,False,True,True,True,False,True,False,True
100111,False,True,True,True,False,False,False,True
1001110,False,True,True,True,False,False,False,True
10011100,False,True,True,True,False,False,False,True
100111000,False,True,True,True,False,False,False,True
100111001,False,True,True,True,False,False,False,False
10011101,False,True,True,True,False,False,False,False
100111010,False,True,True,True,False,False,False,False
100111011,False,True,True,True,False,True,False,True
1001111,False,True,True,True,False,False,False,False
10011110,False,True,True,True,False,False,False,False
100111100,False,True,True,True,False,False,False,False
100111101,False,True,True,True,False,True,False,True
10011111,False,True,True,True,False,True,False,True
100111110,False,True,True,True,False,True,False,True
100111111,False,True,True,True,False,True,False,False
101,False,True,False,False,True,True,False,True
1010,False,True,False,False,True,True,False,True
10100,False,True,False,False,True,True,False,True
101000,False,True,False,False,True,True,False,True
1010000,False,True,False,False,True,True,False,True
10100000,False,True,False,False,True,True,False,True
101000000,False,True,False,False,True,True,False,True
101000001,False,True,True,False,True,False,False,False
10100001,False,True,True,False,True,False,False,False
101000010,False,True,True,False,True,False,False,False
101000011,False,True,True,True,False,False,False,True
1010001,False,True,True,False,True,False,False,False
10100010,False,True,True,False,True,False,False,False
101000100,False,True,True,False,True,False,False,False
101000101,False,True,True,True,False,False,False,True
10100011,False,True,True,True,False,False,False,True
101000110,False,True,True,True,False,False,False,True
101000111,False,True,True,True,False,False,False,False
101001,False,True,True,False,True,False,False,False
1010010,False,True,True,False,True,False,False,False
10100100,False,True,True,False,True,False,False,False
101001000,False,True,True,False,True,False,False,False
101001001,False,True,True,True,False,False,False,True
10100101,False,True,True,True,False,False,False,True
101001010,False,True,True,True,False,False,False,True
101001011,False,True,True,True,False,False,False,False
1010011,False,True,True,True,False,False,False,True
10100110,False,True,True,True,False,False,False,True
101001100,False,True,True,True,False,False,False,True
101001101,False,True,True,True,False,False,False,False
10100111,False,True,True,True,False,False,False,False
101001110,False,True,True,True,False,False,False,False
101001111,False,True,True,True,False,True,False,True
10101,False,True,True,False,True,False,False,False
101010,False,True,True,False,True,False,False,False
1010100,False,True,True,False,True,False,False,False
10101000,False,True,True,False,True,False,False,False
101010000,False,True,True,False,True,False,False,False
101010001,False,True,True,True,False,False,False,True
10101001,False,True,True,True,False,False,False,True
101010010,False,True,True,True,False,False,False,True
101010011,False,True,True,True,False,False,False,False
1010101,False,True,True,True,False,False,False,True
10101010,False,True,True,True,False,False,False,True
101010100,False,True,True,True,False,False,False,True
101010101,False,True,True,True,False,False,False,False
10101011,False,True,True,True,False,False,False,False
101010110,False,True,True,True,False,False,False,False
101010111,False,True,True,True,False,True,False,True
101011,False,True,True,True,False,False,False,True
1010110,False,True,True,True,False,False,False,True
10101100,False,True,True,True,False,False,False,True
101011000,False,True,True,True,False,False,False,True
101011001,False,True,True,True,False,False,False,False
10101101,False,True,True,True,False,False,False,False
101011010,False,True,True,True,False,False,False,False
101011011,False,True,True,True,False,True,False,True
1010111,False,True,True,True,False,False,False,False
10101110,False,True,True,True,False,False,False,False
101011100,False,True,True,True,False,False,False,False
101011101,False,True,True,True,False,True,False,True
10101111,False,True,True,True,False,True,False,True
101011110,False,True,True,True,False,True,False,True
101011111,False,True,True,True,False,True,False,False
1011,False,True,True,False,True,False,False,False
10110,False,True,True,False,True,False,False,False
101100,False,True,True,False,True,False,False,False
1011000,False,True,True,False,True,False,False,False
10110000,False,True,True,False,True,False,False,False
101100000,False,True,True,False,True,False,False,False
101100001,False,True,True,True,False,False,False,True
10110001,False,True,True,True,False,False,False,True
101100010,False,True,True,True,False,False,False,True
101100011,False,True,True,True,False,False,False,False
1011001,False,True,True,True,False,False,False,True
10110010,False,True,True,True,False,False,False,True
101100100,False,True,True,True,False,False,False,True
101100101,False,True,True,True,False,False,False,False
10110011,False,True,True,True,False,False,False,False
101100110,False,True,True,True,False,False,False,False
101100111,False,True,True,True,False,True,False,True
101101,False,True,True,True,False,False,False,True
1011010,False,True,True,True,False,False,False,True
10110100,False,True,True,True,False,False,False,True
101101000,False,True,True,True,False,False,False,True
101101001,False,True,True,True,False,False,False,False
10110101,False,True,True,True,False,False,False,False
101101010,False,True,True,True,False,False,False,False
101101011,False,True,True,True,False,True,False,True
1011011,False,True,True,True,False,False,False,False
10110110,False,True,True,True,False,False,False,False
101101100,False,True,True,True,False,False,False,False
101101101,False,True,True,True,False,True,False,True
10110111,False,True,True,True,False,True,False,True
101101110,False,True,True,True,False,True,False,True
101101111,False,True,True,True,False,True,False,False
10111,False,True,True,True,False,False,False,True
101110,False,True,True,True,False,False,False,True
1011100,False,True,True,True,False,False,False,True
10111000,False,True,True,True,False,False,False,True
101110000,False,True,True,True,False,False,False,True
101110001,False,True,True,True,False,False,False,False
10111001,False,True,True,True,False,False,False,False
101110010,False,True,True,True,False,False,False,False
101110011,False,True,True,True,False,True,False,True
1011101,False,True,True,True,False,False,False,False
10111010,False,True,True,True,False,False,False,False
101110100,False,True,True,True,False,False,False,False
101110101,False,True,True,True,False,True,False,True
10111011,False,True,True,True,False,True,False,True
101110110,False,True,True,True,False,True,False,True
101110111,False,True,True,True,False,True,False,False
101111,False,True,True,True,False,False,False,False
1011110,False,True,True,True,False,False,False,False
10111100,False,True,True,True,False,False,False,False
101111000,False,True,True,True,False,False,False,False
101111001,False,True,True,True,False,True,False,True
10111101,False,True,True,True,False,True,False,True
101111010,False,True,True,True,False,True,False,True
101111011,False,True,True,True,False,True,False,False
1011111,False,True,True,True,False,True,False,True
10111110,False,True,True,True,False,True,False,True
101111100,False,True,True,True,False,True,False,True
101111101,False,True,True,True,False,True,False,False
10111111,False,True,True,True,False,True,False,False
101111110,False,True,True,True,False,True,False,False
101111111,False,True,True,True,False,True,False,True
11,True,True,False,False,True,True,False,True
110,False,True,False,False,True,True,False,True
1100,False,True,False,False,True,True,False,True
11000,False,True,False,False,True,True,False,True
110000,False,True,False,False,True,True,False,True
1100000,False,True,False,False,True,True,False,True
11000000,False,True,False,False,True,True,False,True
110000000,False,True,False,False,True,True,False,True
110000001,False,True,True,False,True,False,False,False
11000001,False,True,True,False,True,False,False,False
110000010,False,True,True,False,True,False,False,False
110000011,False,True,True,True,False,False,False,True
1100001,False,True,True,False,True,False,False,False
11000010,False,True,True,False,True,False,False,False
110000100,False,True,True,False,True,False,False,False
110000101,False,True,True,True,False,False,False,True
11000011,False,True,True,True,False,False,False,True
110000110,False,True,True,True,False,False,False,True
110000111,False,True,True,True,False,False,False,False
110001,False,True,True,False,True,False,False,False
1100010,False,True,True,False,True,False,False,False
11000100,False,True,True,False,True,False,False,False
110001000,False,True,True,False,True,False,False,False
110001001,False,True,True,True,False,False,False,True
11000101,False,True,True,True,False,False,False,True
110001010,False,True,True,True,False,False,False,True
110001011,False,True,True,True,False,False,False,False
1100011,False,True,True,True,False,False,False,True
11000110,False,True,True,True,False,False,False,True
110001100,False,True,True,True,False,False,False,True
110001101,False,True,True,True,False,False,False,False
11000111,False,True,True,True,False,False,False,False
110001110,False,True,True,True,False,False,False,False
110001111,False,True,True,True,False,True,False,True
11001,False,True,True,False,True,False,False,False
110010,False,True,True,False,True,False,False,False
1100100,False,True,True,False,True,False,False,False
11001000,False,True,True,False,True,False,False,False
110010000,False,True,True,False,True,False,False,False
110010001,False,True,True,True,False,False,False,True
11001001,False,True,True,True,False,False,False,True
110010010,False,True,True,True,False,False,False,True
110010011,False,True,True,True,False,False,False,False
1100101,False,True,True,True,False,False,False,True
11001010,False,True,True,True,False,False,False,True
110010100,False,True,True,True,False,False,False,True
110010101,False,True,True,True,False,False,False,False
11001011,False,True,True,True,False,False,False,False
110010110,False,True,True,True,False,False,False,False
110010111,False,True,True,True,False,True,False,True
110011,False,True,True,True,False,False,False,True
1100110,False,True,True,True,False,False,False,True
11001100,False,True,True,True,False,False,False,True
110011000,False,True,True,True,False,False,False,True
110011001,False,True,True,True,False,False,False,False
11001101,False,True,True,True,False,False,False,False
110011010,False,True,True,True,False,False,False,False
110011011,False,True,True,True,False,True,False,True
1100111,False,True,True,True,False,False,False,False
11001110,False,True,True,True,False,False,False,False
110011100,False,True,True,True,False,False,False,False
110011101,False,True,True,True,False,True,False,True
11001111,False,True,True,True,False,True,False,True
110011110,False,True,True,True,False,True,False,True
110011111,False,True,True,True,False,True,False,False
1101,False,True,True,False,True,False,False,False
11010,False,True,True,False,True,False,False,False
110100,False,True,True,False,True,False,False,False
1101000,False,True,True,False,True,False,False,False
11010000,False,True,True,False,True,False,False,False
110100000,False,True,True,False,True,False,False,False
110100001,False,True,True,True,False,False,False,True
11010001,False,True,True,True,False,False,False,True
110100010,False,True,True,True,False,False,False,True
110100011,False,True,True,True,False,False,False,False
1101001,False,True,True,True,False,False,False,True
11010010,False,True,True,True,False,False,False,True
110100100,False,True,True,True,False,False,False,True
110100101,False,True,True,True,False,False,False,False
11010011,False,True,True,True,False,False,False,False
110100110,False,True,True,True,False,False,False,False
110100111,False,True,True,True,False,True,False,True
110101,False,True,True,True,False,False,False,True
1101010,False,True,True,True,False,False,False,True
11010100,False,True,True,True,False,False,False,True
110101000,False,True,True,True,False,False,False,True
110101001,False,True,True,True,False,False,False,False
11010101,False,True,True,True,False,False,False,False
110101010,False,True,True,True,False,False,False,False
110101011,False,True,True,True,False,True,False,True
1101011,False,True,True,True,False,False,False,False
11010110,False,True,True,True,False,False,False,False
110101100,False,True,True,True,False,False,False,False
110101101,False,True,True,True,False,True,False,True
11010111,False,True,True,True,False,True,False,True
110101110,False,True,True,True,False,True,False,True
110101111,False,True,True,True,False,True,False,False
11011,False,True,True,True,False,False,False,True
110110,False,True,True,True,False,False,False,True
1101100,False,True,True,True,False,False,False,True
11011000,False,True,True,True,False,False,False,True
110110000,False,True,True,True,False,False,False,True
110110001,False,True,True,True,False,False,False,False
11011001,False,True,True,True,False,False,False,False
110110010,False,True,True,True,False,False,False,False
110110011,False,True,True,True,False,True,False,True
1101101,False,True,True,True,False,False,False,False
11011010,False,True,True,True,False,False,False,False
110110100,False,True,True,True,False,False,False,False
110110101,False,True,True,True,False,True,False,True
11011011,False,True,True,True,False,True,False,True
110110110,False,True,True,True,False,True,False,True
110110111,False,True,True,True,False,True,False,False
110111,False,True,True,True,False,False,False,False
1101110,False,True,True,True,False,False,False,False
11011100,False,True,True,True,False,False,False,False
110111000,False,True,True,True,False,False,False,False
110111001,False,True,True,True,False,True,False,True
11011101,False,True,True,True,False,True,False,True
110111010,False,True,True,True,False,True,False,True
110111011,False,True,True,True,False,True,False,False
1101111,False,True,True,True,False,True,False,True
11011110,False,True,True,True,False,True,False,True
110111100,False,True,True,True,False,True,False,True
110111101,False,True,True,True,False,True,False,False
11011111,False,True,True,True,False,True,False,False
110111110,False,True,True,True,False,True,False,False
110111111,False,True,True,True,False,True,False,True
111,True,True,True,False,True,False,True,False
1110,False,True,True,False,True,False,True,False
11100,False,True,True,False,True,False,True,False
111000,False,True,True,False,True,False,True,False
1110000,False,True,True,False,True,False,True,False
11100000,False,True,True,False,True,False,True,False
111000000,False,True,True,False,True,False,True,False
111000001,False,True,True,True,False,False,True,True
11100001,False,True,True,True,False,False,True,True
111000010,False,True,True,True,False,False,True,True
111000011,False,True,True,True,False,False,True,False
1110001,False,True,True,True,False,False,True,True
11100010,False,True,True,True,False,False,True,True
111000100,False,True,True,True,False,False,True,True
111000101,False,True,True,True,False,False,True,False
11100011,False,True,True,True,False,False,True,False
111000110,False,True,True,True,False,False,True,False
111000111,False,True,True,True,False,True,True,True
111001,False,True,True,True,False,False,True,True
1110010,False,True,True,True,False,False,True,True
11100100,False,True,True,True,False,False,True,True
111001000,False,True,True,True,False,False,True,True
111001001,False,True,True,True,False,False,True,False
11100101,False,True,True,True,False,False,True,False
111001010,False,True,True,True,False,False,True,False
111001011,False,True,True,True,False,True,True,True
1110011,False,True,True,True,False,False,True,False
11100110,False,True,True,True,False,False,True,False
111001100,False,True,True,True,False,False,True,False
111001101,False,True,True,True,False,True,True,True
11100111,False,True,True,True,False,True,True,True
111001110,False,True,True,True,False,True,True,True
111001111,False,True,True,True,False,True,True,False
11101,False,True,True,True,False,False,True,True
111010,False,True,True,True,False,False,True,True
1110100,False,True,True,True,False,False,True,True
11101000,False,True,True,True,False,False,True,True
111010000,False,True,True,True,False,False,True,True
111010001,False,True,True,True,False,False,True,False
11101001,False,True,True,True,False,False,True,False
111010010,False,True,True,True,False,False,True,False
111010011,False,True,True,True,False,True,True,True
1110101,False,True,True,True,False,False,True,False
11101010,False,True,True,True,False,False,True,False
111010100,False,True,True,True,False,False,True,False
111010101,False,True,True,True,False,True,True,True
11101011,False,True,True,True,False,True,True,True
111010110,False,True,True,True,False,True,True,True
111010111,False,True,True,True,False,True,True,False
111011,False,True,True,True,False,False,True,False
1110110,False,True,True,True,False,False,True,False
11101100,False,True,True,True,False,False,True,False
111011000,False,True,True,True,False,False,True,False
111011001,False,True,True,True,False,True,True,True
11101101,False,True,True,True,False,True,True,True
111011010,False,True,True,True,False,True,True,True
111011011,False,True,True,True,False,True,True,False
1110111,False,True,True,True,False,True,True,True
11101110,False,True,True,True,False,True,True,True
111011100,False,True,True,True,False,True,True,True
111011101,False,True,True,True,False,True,True,False
11101111,False,True,True,True,False,True,True,False
111011110,False,True,True,True,False,True,True,False
111011111,False,True,True,True,False,True,True,True
1111,True,True,True,True,False,False,True,True
11110,False,True,True,True,False,False,True,True
111100,False,True,True,True,False,False,True,True
1111000,False,True,True,True,False,False,True,True
11110000,False,True,True,True,False,False,True,True
111100000,False,True,True,True,False,False,True,True
111100001,False,True,True,True,False,False,True,False
11110001,False,True,True,True,False,False,True,False
111100010,False,True,True,True,False,False,True,False
111100011,False,True,True,True,False,True,True,True
1111001,False,True,True,True,False,False,True,False
11110010,False,True,True,True,False,False,True,False
111100100,False,True,True,True,False,False,True,False
111100101,False,True,True,True,False,True,True,True
11110011,False,True,True,True,False,True,True,True
111100110,False,True,True,True,False,True,True,True
111100111,False,True,True,True,False,True,True,False
111101,False,True,True,True,False,False,True,False
1111010,False,True,True,True,False,False,True,False
11110100,False,True,True,True,False,False,True,False
111101000,False,True,True,True,False,False,True,False
111101001,False,True,True,True,False,True,True,True
11110101,False,True,True,True,False,True,True,True
111101010,False,True,True,True,False,True,True,True
111101011,False,True,True,True,False,True,True,False
1111011,False,True,True,True,False,True,True,True
11110110,False,True,True,True,False,True,True,True
111101100,False,True,True,True,False,True,True,True
111101101,False,True,True,True,False,True,True,False
11110111,False,True,True,True,False,True,True,False
111101110,False,True,True,True,False,True,True,False
111101111,False,True,True,True,False,True,True,True
11111,True,True,True,True,False,False,True,False
111110,False,True,True,True,False,False,True,False
1111100,False,True,True,True,False,False,True,False
11111000,False,True,True,True,False,False,True,False
111110000,False,True,True,True,False,False,True,False
111110001,False,True,True,True,False,True,True,True
11111001,False,True,True,True,False,True,True,True
111110010,False,True,True,True,False,True,True,True
111110011,False,True,True,True,False,True,True,False
1111101,False,True,True,True,False,True,True,True
11111010,False,True,True,True,False,True,True,True
111110100,False,True,True,True,False,True,True,True
111110101,False,True,True,True,False,True,True,False
11111011,False,True,True,True,False,True,True,False
111110110,False,True,True,True,False,True,True,False
111110111,False,True,True,True,False,True,True,True
111111,True,True,True,True,False,True,True,True
1111110,False,True,True,True,False,True,True,True
11111100,False,True,True,True,False,True,True,True
111111000,False,True,True,True,False,True,True,True
111111001,False,True,True,True,False,True,True,False
11111101,False,True,True,True,False,True,True,False
111111010,False,True,True,True,False,True,True,False
111111011,False,True,True,True,False,True,True,True
1111111,True,True,True,True,False,True,True,False
11111110,False,True,True,True,False,True,True,False
111111100,False,True,True,True,False,True,True,False
111111101,False,True,True,True,False,True,True,True
11111111,True,True,True,True,False,True,True,True
111111110,False,True,True,True,False,True,True,True
111111111,True,True,True,True,False,True,True,False
